{"categories":[{"name":"L_MicrosoftOfficeOneNote","displayName":"Microsoft OneNote\u00A02016"},{"parentCategory":{"ref":"L_MicrosoftOfficeOneNote"},"name":"L_OneNoteOptions","displayName":"Options OneNote"},{"parentCategory":{"ref":"L_OneNoteOptions"},"name":"L_Display","displayName":"Afficher"},{"parentCategory":{"ref":"L_OneNoteOptions"},"name":"L_Editing","displayName":"Édition"},{"parentCategory":{"ref":"L_OneNoteOptions"},"name":"L_Pen","displayName":"Stylet"},{"parentCategory":{"ref":"L_OneNoteOptions"},"name":"L_Email","displayName":"Adresse de messagerie"},{"parentCategory":{"ref":"L_OneNoteOptions"},"name":"L_Security","displayName":"Sécurité"},{"parentCategory":{"ref":"L_Security"},"name":"L_Cryptography","displayName":"Chiffrement"},{"parentCategory":{"ref":"L_OneNoteOptions"},"name":"L_NoteFlags","displayName":"Indicateurs de notes"},{"parentCategory":{"ref":"L_OneNoteOptions"},"name":"L_AudioandVideo","displayName":"Audio et vidéo"},{"parentCategory":{"ref":"L_OneNoteOptions"},"name":"L_Save","displayName":"Enregistrer"},{"parentCategory":{"ref":"L_OneNoteOptions"},"name":"L_Password","displayName":"Mot de passe"},{"parentCategory":{"ref":"L_OneNoteOptions"},"name":"L_Backup","displayName":"Sauvegarder"},{"parentCategory":{"ref":"L_OneNoteOptions"},"name":"L_SendToOneNote","displayName":"Envoyer à OneNote"},{"parentCategory":{"ref":"L_OneNoteOptions"},"name":"L_Addins","displayName":"Compléments"},{"parentCategory":{"ref":"L_OneNoteOptions"},"name":"L_Spelling","displayName":"Orthographe"},{"parentCategory":{"ref":"L_OneNoteOptions"},"name":"L_VersionsAndRecyleBin","displayName":"Versions et Corbeille"},{"parentCategory":{"ref":"L_OneNoteOptions"},"name":"L_Other","displayName":"Autre"}],"policies":[{"parentCategory":{"ref":"L_Display"},"supportedOn":{"ref":"windows:SUPPORTED_Windows7"},"elements":{"items":[{"item":[{"value":{"decimal":{"value":0}},"displayName":"Droite"},{"value":{"decimal":{"value":1}},"displayName":"Gauche"}],"valueName":"pagetabsonleft","inputType":"dropdownList","caption":"Indiquez l’emplacement du contrôle d’onglet de page\u00A0:","id":"L_Specifylocationofthepagetabcontrol"}]},"name":"L_Pagetabsappearontheleft","displayName":"Les onglets de page apparaissent sur la gauche","explainText":"Droite\u00A0: désactive l’option Les onglets de page apparaissent sur la gauche. | Gauche\u00A0: active l’option Les onglets de page apparaissent sur la gauche.","tags":["L_Display","L_OneNoteOptions","L_MicrosoftOfficeOneNote"],"application":"onent16","key":"software\\microsoft\\office\\16.0\\onenote\\options\\other"},{"parentCategory":{"ref":"L_Display"},"supportedOn":{"ref":"windows:SUPPORTED_Windows7"},"enabledValue":{"decimal":{"value":1}},"disabledValue":{"decimal":{"value":0}},"name":"L_Verticalscrollbarappearsonleft","displayName":"La barre de défilement verticale apparaît sur la gauche","explainText":"Active/désactive l’option d’interface utilisateur correspondante.","tags":["L_Display","L_OneNoteOptions","L_MicrosoftOfficeOneNote"],"application":"onent16","key":"software\\microsoft\\office\\16.0\\onenote\\options\\other","valueName":"vertscrollbaronleft"},{"parentCategory":{"ref":"L_Display"},"supportedOn":{"ref":"windows:SUPPORTED_Windows7"},"enabledValue":{"decimal":{"value":1}},"disabledValue":{"decimal":{"value":0}},"name":"L_ShowNoteContainers","displayName":"Afficher les conteneurs de notes","explainText":"Active/désactive l’option d’interface utilisateur correspondante.","tags":["L_Display","L_OneNoteOptions","L_MicrosoftOfficeOneNote"],"application":"onent16","key":"software\\microsoft\\office\\16.0\\onenote\\options\\other","valueName":"shownotecontainers"},{"parentCategory":{"ref":"L_Display"},"supportedOn":{"ref":"windows:SUPPORTED_Windows7"},"enabledValue":{"decimal":{"value":0}},"disabledValue":{"decimal":{"value":1}},"name":"L_Navigationbarappearsontheright","displayName":"La barre de navigation apparaît à droite","explainText":"Cette option permet d’indiquer où apparaît la barre de navigation.","tags":["L_Display","L_OneNoteOptions","L_MicrosoftOfficeOneNote"],"application":"onent16","key":"software\\microsoft\\office\\16.0\\onenote\\options\\other","valueName":"navbaronleft"},{"parentCategory":{"ref":"L_Editing"},"supportedOn":{"ref":"windows:SUPPORTED_Windows7"},"enabledValue":{"decimal":{"value":0}},"disabledValue":{"decimal":{"value":1}},"name":"L_TurnOffLinkCreationWith","displayName":"Désactiver la création de lien avec des [[ ]]","explainText":"Ce paramètre de stratégie vous permet de désactiver la création de lien avec des [[ ]]. OneNote permet aux utilisateurs de créer automatiquement des liens en plaçant un terme entre [[ ]]. OneNote crée ensuite automatiquement une page dans cette section et un lien sur ce texte.\n\nSi vous activez ce paramètre de stratégie, les utilisateurs ne peuvent pas utiliser des [[ ]] pour créer un lien et une page.\n\nSi vous désactivez ou ne configurez pas ce paramètre de stratégie, OneNote crée automatiquement des liens lorsque les utilisateurs utilisent des [[ ]].","tags":["L_Editing","L_OneNoteOptions","L_MicrosoftOfficeOneNote"],"application":"onent16","key":"software\\microsoft\\office\\16.0\\onenote\\options\\editing","valueName":"wikilink"},{"parentCategory":{"ref":"L_Editing"},"supportedOn":{"ref":"windows:SUPPORTED_Windows7"},"enabledValue":{"decimal":{"value":0}},"disabledValue":{"decimal":{"value":1}},"name":"L_Turnoffautocalculator","displayName":"Désactiver la calculatrice automatique","explainText":"Cette option active/désactive la fonctionnalité de calculatrice automatique.","tags":["L_Editing","L_OneNoteOptions","L_MicrosoftOfficeOneNote"],"application":"onent16","key":"software\\microsoft\\office\\16.0\\onenote\\options\\editing","valueName":"autocalculate"},{"parentCategory":{"ref":"L_Editing"},"supportedOn":{"ref":"windows:SUPPORTED_Windows7"},"enabledValue":{"decimal":{"value":1}},"disabledValue":{"decimal":{"value":0}},"name":"L_ShowPasteOptionsbuttons","displayName":"Afficher les boutons d’options de collage","explainText":"Active/désactive l’option d’interface utilisateur correspondante.","tags":["L_Editing","L_OneNoteOptions","L_MicrosoftOfficeOneNote"],"application":"onent16","key":"software\\microsoft\\office\\16.0\\onenote\\options\\other","valueName":"pasteooui"},{"parentCategory":{"ref":"L_Editing"},"supportedOn":{"ref":"windows:SUPPORTED_Windows7"},"enabledValue":{"decimal":{"value":1}},"disabledValue":{"decimal":{"value":0}},"name":"L_AutoNumberingRecognition","displayName":"Reconnaissance automatique des numéros","explainText":"Active/désactive l’option Numéroter automatiquement les listes.","tags":["L_Editing","L_OneNoteOptions","L_MicrosoftOfficeOneNote"],"application":"onent16","key":"software\\microsoft\\office\\16.0\\onenote\\options\\editing","valueName":"numbering auto reco"},{"parentCategory":{"ref":"L_Editing"},"supportedOn":{"ref":"windows:SUPPORTED_Windows7"},"enabledValue":{"decimal":{"value":1}},"disabledValue":{"decimal":{"value":0}},"name":"L_AutoBulletRecognition","displayName":"Reconnaissance automatique des puces","explainText":"Active/désactive l’option Afficher automatiquement des listes à puces.","tags":["L_Editing","L_OneNoteOptions","L_MicrosoftOfficeOneNote"],"application":"onent16","key":"software\\microsoft\\office\\16.0\\onenote\\options\\editing","valueName":"bullet auto reco"},{"parentCategory":{"ref":"L_Editing"},"supportedOn":{"ref":"windows:SUPPORTED_Windows7"},"elements":{"items":[{"valueName":"defaultfontface","requiredSpecified":false,"expandableSpecified":false,"maxLength":2147483647,"maxLengthSpecified":false,"inputType":"textBox","caption":"Police\u00A0:","id":"L_Font"}]},"name":"L_DefaultFontName","displayName":"Nom de la police par défaut","explainText":"Définit la valeur de l’option Police.","tags":["L_Editing","L_OneNoteOptions","L_MicrosoftOfficeOneNote"],"application":"onent16","key":"software\\microsoft\\office\\16.0\\onenote\\options\\editing"},{"parentCategory":{"ref":"L_Editing"},"supportedOn":{"ref":"windows:SUPPORTED_Windows7"},"elements":{"items":[{"valueName":"defaultfontsize","requiredSpecified":false,"expandableSpecified":false,"maxLength":2147483647,"maxLengthSpecified":false,"inputType":"textBox","caption":"Taille de police\u00A0:","id":"L_FontSize"}]},"name":"L_DefaultFontSize","displayName":"Taille de police par défaut","explainText":"Définit la valeur de l’option Taille.","tags":["L_Editing","L_OneNoteOptions","L_MicrosoftOfficeOneNote"],"application":"onent16","key":"software\\microsoft\\office\\16.0\\onenote\\options\\editing"},{"parentCategory":{"ref":"L_Editing"},"supportedOn":{"ref":"windows:SUPPORTED_Windows7"},"enabledValue":{"decimal":{"value":1}},"disabledValue":{"decimal":{"value":0}},"name":"L_AutoKeyboardSwitching","displayName":"Changement automatiquement de clavier","explainText":"Active/désactive l’option Changer automatiquement le clavier.","tags":["L_Editing","L_OneNoteOptions","L_MicrosoftOfficeOneNote"],"application":"onent16","key":"software\\microsoft\\office\\16.0\\onenote\\options\\language","valueName":"autokeyboard"},{"parentCategory":{"ref":"L_Editing"},"supportedOn":{"ref":"windows:SUPPORTED_Windows7"},"enabledValue":{"decimal":{"value":1}},"disabledValue":{"decimal":{"value":0}},"name":"L_IncludelinktosourcewhenpastingfromtheInternet","displayName":"Inclure le lien vers la source en cas de collage à partir d’Internet","explainText":"Active/désactive l’option d’interface utilisateur correspondante.","tags":["L_Editing","L_OneNoteOptions","L_MicrosoftOfficeOneNote"],"application":"onent16","key":"software\\microsoft\\office\\16.0\\onenote\\options\\editing","valueName":"pasteincludeurl"},{"parentCategory":{"ref":"L_Pen"},"supportedOn":{"ref":"windows:SUPPORTED_Windows7"},"enabledValue":{"decimal":{"value":1}},"disabledValue":{"decimal":{"value":0}},"name":"L_DisableScratchout","displayName":"Désactiver le mouvement d’effacement","explainText":"Désactive le mouvement d’effacement pendant la saisie manuscrite.","tags":["L_Pen","L_OneNoteOptions","L_MicrosoftOfficeOneNote"],"application":"onent16","key":"software\\microsoft\\office\\16.0\\onenote\\options\\pen","valueName":"disablescratchout"},{"parentCategory":{"ref":"L_Pen"},"supportedOn":{"ref":"windows:SUPPORTED_Windows7"},"enabledValue":{"decimal":{"value":1}},"disabledValue":{"decimal":{"value":0}},"name":"L_Createallnewpageswithrulelines","displayName":"Créer toutes les nouvelles pages avec des lignes de règle","explainText":"Active/désactive l’option d’interface utilisateur correspondante.","tags":["L_Pen","L_OneNoteOptions","L_MicrosoftOfficeOneNote"],"application":"onent16","key":"software\\microsoft\\office\\16.0\\onenote\\options\\pen","valueName":"userulelines"},{"parentCategory":{"ref":"L_Pen"},"supportedOn":{"ref":"windows:SUPPORTED_Windows7"},"enabledValue":{"decimal":{"value":1}},"disabledValue":{"decimal":{"value":0}},"name":"L_Usepenpressuresensitivity","displayName":"Utiliser la sensibilité à la pression du stylet","explainText":"Active/désactive l’option d’interface utilisateur correspondante.","tags":["L_Pen","L_OneNoteOptions","L_MicrosoftOfficeOneNote"],"application":"onent16","key":"software\\microsoft\\office\\16.0\\onenote\\options\\pen","valueName":"inkpressure"},{"parentCategory":{"ref":"L_Pen"},"supportedOn":{"ref":"windows:SUPPORTED_Windows7"},"enabledValue":{"decimal":{"value":1}},"disabledValue":{"decimal":{"value":0}},"name":"L_AutomaticallyswitchbetweenPenandSelectionTool","displayName":"Basculer automatiquement entre le stylet et l’outil de sélection","explainText":"Active/désactive l’option d’interface utilisateur correspondante.","tags":["L_Pen","L_OneNoteOptions","L_MicrosoftOfficeOneNote"],"application":"onent16","key":"software\\microsoft\\office\\16.0\\onenote\\options\\pen","valueName":"automodeswitch"},{"parentCategory":{"ref":"L_Pen"},"supportedOn":{"ref":"windows:SUPPORTED_Windows7"},"enabledValue":{"decimal":{"value":1}},"disabledValue":{"decimal":{"value":0}},"name":"L_ShowTabletPCInputPanelonOneNotepages","displayName":"Afficher le Panneau de saisie Tablette PC sur les pages OneNote","explainText":"Activer cette stratégie pour afficher le Panneau de saisie Tablette PC sur les pages OneNote.","tags":["L_Pen","L_OneNoteOptions","L_MicrosoftOfficeOneNote"],"application":"onent16","key":"software\\microsoft\\office\\16.0\\onenote\\options\\pen","valueName":"showtabletpcinputpanel"},{"parentCategory":{"ref":"L_Email"},"supportedOn":{"ref":"windows:SUPPORTED_Windows7"},"enabledValue":{"decimal":{"value":1}},"disabledValue":{"decimal":{"value":0}},"name":"L_AttachEmbeddedFilesToTheEmail","displayName":"Joindre au message électronique des fichiers incorporés sous forme de fichiers séparés","explainText":"Ce paramètre de stratégie vous permet de configurer l’option Joindre au message électronique des fichiers incorporés sous forme de fichiers séparés située sous l’onglet Fichier | Options | Avancées | Courrier électronique envoyé depuis OneNote.\n\nSi vous activez ou ne configurez pas ce paramètre de stratégie, les fichiers incorporés sont joints au message électronique sous forme de fichiers séparés.\n\nSi vous désactivez ce paramètre de stratégie, les fichiers incorporés ne sont pas joints au message électronique sous forme de fichiers séparés.","tags":["L_Email","L_OneNoteOptions","L_MicrosoftOfficeOneNote"],"application":"onent16","key":"software\\microsoft\\office\\16.0\\onenote\\options","valueName":"email embedded files"},{"parentCategory":{"ref":"L_Email"},"supportedOn":{"ref":"windows:SUPPORTED_Windows7"},"enabledValue":{"decimal":{"value":1}},"disabledValue":{"decimal":{"value":0}},"name":"L_AllowOneNoteemailattachments","displayName":"Autoriser les pièces jointes de courrier électronique OneNote","explainText":"Active/désactive l’option Joindre une copie des notes d’origine sous forme d’un fichier OneNote.","tags":["L_Email","L_OneNoteOptions","L_MicrosoftOfficeOneNote"],"application":"onent16","key":"software\\microsoft\\office\\16.0\\onenote\\options","valueName":"email attachment"},{"parentCategory":{"ref":"L_Email"},"supportedOn":{"ref":"windows:SUPPORTED_Windows7"},"enabledValue":{"decimal":{"value":1}},"disabledValue":{"decimal":{"value":0}},"name":"L_AddsignaturetoOneNoteemailmessages","displayName":"Ajouter une signature aux messages électroniques OneNote","explainText":"Active/désactive l’option Ajouter la signature suivante aux messages électroniques et pages web créés dans OneNote.","tags":["L_Email","L_OneNoteOptions","L_MicrosoftOfficeOneNote"],"application":"onent16","key":"software\\microsoft\\office\\16.0\\onenote\\options\\other","valueName":"emailsignature"},{"parentCategory":{"ref":"L_Email"},"supportedOn":{"ref":"windows:SUPPORTED_Windows7"},"elements":{"items":[{"valueName":"signature","requiredSpecified":false,"expandableSpecified":false,"maxLength":2147483647,"maxLengthSpecified":false,"inputType":"textBox","caption":"Entrer la signature à utiliser pour les messages électroniques OneNote","id":"L_EntersignaturetouseforOneNoteemail"}]},"name":"L_UsethissignatureforOneNoteemail","displayName":"Utiliser cette signature pour les messages électroniques OneNote","explainText":"Définit la valeur de l’option Ajouter la signature suivante aux messages électroniques et pages web créés dans OneNote.","tags":["L_Email","L_OneNoteOptions","L_MicrosoftOfficeOneNote"],"application":"onent16","key":"software\\microsoft\\office\\16.0\\onenote\\options\\other"},{"parentCategory":{"ref":"L_NoteFlags"},"supportedOn":{"ref":"windows:SUPPORTED_Windows7"},"enabledValue":{"decimal":{"value":1}},"disabledValue":{"decimal":{"value":0}},"name":"L_Copyitemswhenmovingthem","displayName":"Copier les éléments lors de leur déplacement","explainText":"Ce paramètre de stratégie vous permet de configurer les indicateurs de note.\n\nSi vous activez ou ne configurez pas ce paramètre de stratégie, l’option Ne pas modifier les balises de note d’origine est activée.\n\nSi vous désactivez ce paramètre de stratégie, l’option Afficher les balises de note d’origine de manière estompée est activée.","tags":["L_NoteFlags","L_OneNoteOptions","L_MicrosoftOfficeOneNote"],"application":"onent16","key":"software\\microsoft\\office\\16.0\\onenote\\options\\other","valueName":"duplicatenoteflag"},{"parentCategory":{"ref":"L_NoteFlags"},"supportedOn":{"ref":"windows:SUPPORTED_Windows7"},"enabledValue":{"decimal":{"value":1}},"disabledValue":{"decimal":{"value":0}},"name":"L_ShowDimmedTaggedNotesInTheTagsSummaryTaskPane","displayName":"Afficher les indicateurs de note estompés dans le volet Synthèse des indicateurs","explainText":"Active/désactive l’option Afficher les indicateurs de note estompés dans le volet Synthèse des indicateurs.","tags":["L_NoteFlags","L_OneNoteOptions","L_MicrosoftOfficeOneNote"],"application":"onent16","key":"software\\microsoft\\office\\16.0\\onenote\\options\\other","valueName":"showinactivenoteflag"},{"parentCategory":{"ref":"L_AudioandVideo"},"supportedOn":{"ref":"windows:SUPPORTED_Windows7"},"enabledValue":{"decimal":{"value":0}},"disabledValue":{"decimal":{"value":1}},"name":"L_Disableaudosearch","displayName":"Désactiver la recherche audio","explainText":"Désactive la recherche audio de OneNote.","tags":["L_AudioandVideo","L_OneNoteOptions","L_MicrosoftOfficeOneNote"],"application":"onent16","key":"software\\microsoft\\office\\16.0\\onenote\\options\\other","valueName":"enableaudiosearch"},{"parentCategory":{"ref":"L_AudioandVideo"},"supportedOn":{"ref":"windows:SUPPORTED_Windows7"},"enabledValue":{"decimal":{"value":1}},"disabledValue":{"decimal":{"value":0}},"name":"L_DisableLinkedAudiofeature","displayName":"Désactiver la fonctionnalité de fichier audio lié","explainText":"Ce paramètre de stratégie vous permet de configurer les commandes Enregistrement audio et Enregistrement vidéo sous l’onglet Insertion.\n\nSi vous activez ce paramètre de stratégie, les commandes ne sont pas disponibles.\n\nSi vous désactivez ou ne configurez pas ce paramètre de stratégie, les commandes sont disponibles.","tags":["L_AudioandVideo","L_OneNoteOptions","L_MicrosoftOfficeOneNote"],"application":"onent16","key":"software\\microsoft\\office\\16.0\\onenote\\options\\audio","valueName":"disablerecording"},{"parentCategory":{"ref":"L_AudioandVideo"},"supportedOn":{"ref":"windows:SUPPORTED_Windows7"},"elements":{"items":[{"valueName":"defaultbitdepth","minValue":8,"minValueSpecified":true,"maxValue":48,"maxValueSpecified":true,"inputType":"decimalTextBox","caption":"Bits\u00A0:","id":"L_Bits"}]},"name":"L_Specifynumberofbitstosamplewhenrecording","displayName":"Indiquer le nombre de bits à échantillonner lors de l’enregistrement","explainText":"Indique le nombre par défaut de bits par échantillon (valeur exprimée en Kbits/s) lors de l’enregistrement audio. Si le codec approprié est trouvé, il s’agit de la profondeur de couleur par défaut utilisée dans le paramètre Format du fichier audio lié situé sous l’onglet Fichier | Options | Audio et vidéo.","tags":["L_AudioandVideo","L_OneNoteOptions","L_MicrosoftOfficeOneNote"],"application":"onent16","key":"software\\microsoft\\office\\16.0\\onenote\\options\\audio"},{"parentCategory":{"ref":"L_AudioandVideo"},"supportedOn":{"ref":"windows:SUPPORTED_Windows7"},"elements":{"items":[{"valueName":"defaultsamplerate","minValue":8,"minValueSpecified":true,"maxValue":192,"maxValueSpecified":true,"inputType":"decimalTextBox","caption":"Bits/seconde\u00A0:","id":"L_BitsSecond"}]},"name":"L_Specifyratetosampleaudiobitssecond","displayName":"Indiquer le taux d’échantillonnage de l’audio (bits/seconde)","explainText":"Indique le taux d’échantillonnage par défaut (valeur exprimée en kHz) lors de l’enregistrement audio. Si le codec approprié est trouvé, il s’agit du taux d’échantillonnage par défaut utilisé dans le paramètre Format du fichier audio lié situé sous l’onglet Fichier | Options | Audio et vidéo.","tags":["L_AudioandVideo","L_OneNoteOptions","L_MicrosoftOfficeOneNote"],"application":"onent16","key":"software\\microsoft\\office\\16.0\\onenote\\options\\audio"},{"parentCategory":{"ref":"L_AudioandVideo"},"supportedOn":{"ref":"windows:SUPPORTED_Windows7"},"elements":{"items":[{"valueName":"defaultchannels","minValue":1,"minValueSpecified":true,"maxValue":2,"maxValueSpecified":true,"inputType":"decimalTextBox","caption":"Canaux (1-2)\u00A0:","id":"L_Channels12"}]},"name":"L_Specifynumberofchannelstorecord","displayName":"Indiquer le nombre de canaux à enregistrer","explainText":"Indique si 1 ou 2 canaux sont utilisés lors de l’enregistrement audio. Si le codec approprié est trouvé, il s’agit du nombre de canaux par défaut utilisé dans le paramètre Format du fichier audio lié situé sous l’onglet Fichier | Options | Audio et vidéo.","tags":["L_AudioandVideo","L_OneNoteOptions","L_MicrosoftOfficeOneNote"],"application":"onent16","key":"software\\microsoft\\office\\16.0\\onenote\\options\\audio"},{"parentCategory":{"ref":"L_AudioandVideo"},"supportedOn":{"ref":"windows:SUPPORTED_Windows7"},"elements":{"items":[{"valueName":"rewind","minValue":0,"minValueSpecified":true,"maxValue":999,"maxValueSpecified":true,"inputType":"decimalTextBox","caption":"Commencer la lecture avant le début du paragraphe en respectant\u00A0: (sec)","id":"L_Rewindfromstartofparagraphbysec"}]},"name":"L_Rewindfromstartofparagraphbythefollowingnumberofseconds","displayName":"Commencer la lecture avant le début du paragraphe en respectant le nombre de secondes spécifié","explainText":"Définit la valeur dans l’option correspondante de l’interface utilisateur.","tags":["L_AudioandVideo","L_OneNoteOptions","L_MicrosoftOfficeOneNote"],"application":"onent16","key":"software\\microsoft\\office\\16.0\\onenote\\options\\audio"},{"parentCategory":{"ref":"L_AudioandVideo"},"supportedOn":{"ref":"windows:SUPPORTED_Windows7"},"elements":{"items":[{"item":[{"value":{"string":"Windows Media Video 8 for Color Pocket PCs (150 Kbps)"},"displayName":"Color Pocket PC (150 Kbits/s)"},{"value":{"string":"Windows Media Video 8 for Dial-up Modems or Single-channel ISDN (28.8 to 56 Kbps)"},"displayName":"Modems d’accès à distance ou RNIS à un canal (28,8 à 56 Kbits/s)"},{"value":{"string":"Windows Media Video 8 for LAN, Cable Modem, or xDSL (100 to 768 Kbps)"},"displayName":"Réseau local, modem câble ou xDSL (100 à 768 Kbits/s)"},{"value":{"string":"Windows Media Video 8 for Dial-up Modems or LAN (28.8 to 100 Kbps)"},"displayName":"Modems d’accès à distance ou réseau local (28,8 à 100 Kbits/s)"},{"value":{"string":"Windows Media Video 8 for Dial-up Modems (28.8 Kbps)"},"displayName":"Modems d’accès à distance (28,8 Kbits/s)"},{"value":{"string":"Windows Media Video 8 for Dial-up Modems (56 Kbps)"},"displayName":"Modems d’accès à distance (56 Kbits/s)"},{"value":{"string":"Windows Media Video 8 for Local Area Network (100 Kbps)"},"displayName":"Réseau local (100 Kbits/s)"},{"value":{"string":"Windows Media Video 8 for Local Area Network (256 Kbps)"},"displayName":"Réseau local (256 Kbits/s)"},{"value":{"string":"Windows Media Video 8 for Local Area Network (384 Kbps)"},"displayName":"Réseau local (384 Kbits/s)"},{"value":{"string":"Windows Media Video 8 for Broadband (NTSC, 700 Kbps)"},"displayName":"Haut débit (NTSC, 700 Kbits/s)"},{"value":{"string":"Windows Media Video 8 for Broadband (NTSC, 1400 Kbps)"},"displayName":"Haut débit (NTSC, 1400 Kbits/s)"},{"value":{"string":"Windows Media Video 8 for Broadband (PAL, 384 Kbps)"},"displayName":"Haut débit (PAL, 384 Kbits/s)"},{"value":{"string":"Windows Media Video 8 for Broadband (PAL, 700 Kbps)"},"displayName":"Haut débit (PAL, 700 Kbits/s)"}],"valueName":"videocaptureprofile","inputType":"dropdownList","caption":"Sélectionner le codec Windows Media Video 8\u00A0:","id":"L_ChoosetheWindowsMediaVideo8codec"}]},"name":"L_ChoosedefaultcodectobeusedforVideonotebook","displayName":"Sélectionner le codec par défaut à utiliser pour le bloc-notes Vidéo","explainText":"Cette option définit le codec par défaut utilisé par OneNote pour les enregistrements vidéos créées dans OneNote.","tags":["L_AudioandVideo","L_OneNoteOptions","L_MicrosoftOfficeOneNote"],"application":"onent16","key":"software\\microsoft\\office\\16.0\\onenote\\options\\audio"},{"parentCategory":{"ref":"L_Cryptography"},"supportedOn":{"ref":"windows:SUPPORTED_Windows7"},"elements":{"items":[{"valueName":"cipheralgorithm","required":true,"requiredSpecified":true,"expandableSpecified":false,"maxLength":2147483647,"maxLengthSpecified":false,"inputType":"textBox","caption":"Algorithme de chiffrement CNG\u00A0:","id":"L_SetCNGCipherAlgorithmID"}]},"name":"L_SetCNGCipherAlgorithm","displayName":"Définir l’algorithme de chiffrement CNG","explainText":"Ce paramètre de stratégie vous permet de configurer l’algorithme de chiffrement CNG qui est utilisé.\n\nSi vous activez ce paramètre de stratégie, le chiffrement spécifié est utilisé s’il s’agit d’un algorithme pris en charge.\n\nSi vous désactivez ou ne configurez pas ce paramètre de stratégie, AES est utilisé.","tags":["L_Cryptography","L_Security","L_OneNoteOptions","L_MicrosoftOfficeOneNote"],"application":"onent16","key":"software\\microsoft\\office\\16.0\\onenote\\security\\crypto"},{"parentCategory":{"ref":"L_Cryptography"},"supportedOn":{"ref":"windows:SUPPORTED_Windows7"},"elements":{"items":[{"item":[{"value":{"string":"ChainingModeCBC"},"displayName":"Chaînage de chiffrement de blocs (CBC, Cipher Block Chaining)"},{"value":{"string":"ChainingModeCFB"},"displayName":"Commentaires de chiffrement  (CFB)"}],"valueName":"cipherchaining","inputType":"dropdownList","id":"L_ConfigureCNGCipherChainingModeDropID"}]},"name":"L_ConfigureCNGCipherChainingMode","displayName":"Configurer le mode de chaînage de chiffrement CNG","explainText":"Ce paramètre de stratégie vous permet de configurer le mode de chaînage de chiffrement utilisé.\n\nSi vous activez ce paramètre de stratégie, le mode de chaînage de chiffrement spécifié est appliqué.\n\nSi vous désactivez ou ne configurez pas ce paramètre de stratégie, le chaînage de chiffrement de blocs (CBC, Cipher Block Chaining) est le mode de chaînage de chiffrement CNG utilisé par défaut.","tags":["L_Cryptography","L_Security","L_OneNoteOptions","L_MicrosoftOfficeOneNote"],"application":"onent16","key":"software\\microsoft\\office\\16.0\\onenote\\security\\crypto"},{"parentCategory":{"ref":"L_Cryptography"},"supportedOn":{"ref":"windows:SUPPORTED_Windows7"},"elements":{"items":[{"valueName":"cipherkeybits","minValue":0,"minValueSpecified":true,"maxValue":1000000,"maxValueSpecified":true,"inputType":"decimalTextBox","caption":"Longueur de clé de chiffrement","id":"L_SetCNGCipherKeyLengthSpinID"}]},"name":"L_SetCNGCipherKeyLength","displayName":"Définir la longueur de clé de chiffrement CNG","explainText":"Ce paramètre de stratégie vous permet de configurer le nombre de bits à utiliser lors de la création de la clé de chiffrement. Ce nombre est arrondi à un multiple de 8 directement inférieur.\n\nSi vous activez ce paramètre de stratégie, les bits de clé spécifiés sont utilisés.\n\nSi vous désactivez ou ne configurez pas ce paramètre de stratégie, la valeur par défaut est utilisée.","tags":["L_Cryptography","L_Security","L_OneNoteOptions","L_MicrosoftOfficeOneNote"],"application":"onent16","key":"software\\microsoft\\office\\16.0\\onenote\\security\\crypto"},{"parentCategory":{"ref":"L_Cryptography"},"supportedOn":{"ref":"windows:SUPPORTED_Windows7"},"elements":{"items":[{"item":[{"value":{"decimal":{"value":0}},"displayName":"Utiliser le format hérité"},{"value":{"decimal":{"value":1}},"displayName":"Utiliser le format nouvelle génération"},{"value":{"decimal":{"value":2}},"displayName":"Enregistrer tous les nouveaux fichiers au format nouvelle génération"}],"valueName":"compatmode","inputType":"dropdownList","id":"L_SpecifyEncryptionCompatibilityDropID"}]},"name":"L_SpecifyEncryptionCompatibility","displayName":"Spécifier la compatibilité de chiffrement","explainText":"Ce paramètre de stratégie vous permet de spécifier la compatibilité de base de données chiffrée.\n\nSi vous activez ce paramètre de stratégie, le format de compatibilité spécifié est appliqué lors du chiffrage des nouveaux fichiers\n- Utiliser le format hérité\n- Utiliser le format nouvelle génération\n- Enregistrer tous les nouveaux fichiers au format nouvelle génération\n\nSi vous désactivez ou ne configurez pas ce paramètre de stratégie, le paramètre par défaut Utiliser le format nouvelle génération est appliqué.","tags":["L_Cryptography","L_Security","L_OneNoteOptions","L_MicrosoftOfficeOneNote"],"application":"onent16","key":"software\\microsoft\\office\\16.0\\onenote\\security\\crypto"},{"parentCategory":{"ref":"L_Cryptography"},"supportedOn":{"ref":"windows:SUPPORTED_Windows7"},"elements":{"items":[{"valueName":"context","required":true,"requiredSpecified":true,"expandableSpecified":false,"maxLength":2147483647,"maxLengthSpecified":false,"inputType":"textBox","caption":"Paramètres","id":"L_SetParametersForCNGContextID"}]},"name":"L_SetParametersForCNGContext","displayName":"Définir les paramètres du contexte CNG","explainText":"Ce paramètre de stratégie vous permet de spécifier les paramètres de chiffrement qui doivent être utilisés pour le contexte CNG.\n\nSi vous activez ce paramètre de stratégie, les paramètres spécifiés sont transmis au contexte de CNG.\n\nSi vous désactivez ou ne configurez pas ce paramètre de stratégie, les valeurs CNG par défaut sont utilisés.","tags":["L_Cryptography","L_Security","L_OneNoteOptions","L_MicrosoftOfficeOneNote"],"application":"onent16","key":"software\\microsoft\\office\\16.0\\onenote\\security\\crypto"},{"parentCategory":{"ref":"L_Cryptography"},"supportedOn":{"ref":"windows:SUPPORTED_Windows7"},"elements":{"items":[{"item":[{"value":{"string":"SHA1"},"displayName":"SHA1"},{"value":{"string":"SHA256"},"displayName":"SHA256"},{"value":{"string":"SHA384"},"displayName":"SHA384"},{"value":{"string":"SHA512"},"displayName":"SHA512"}],"valueName":"hashalgorithm","inputType":"dropdownList","id":"L_SpecifyCNGHashAlgorithmDropID"}]},"name":"L_SpecifyCNGHashAlgorithm","displayName":"Spécifier l’algorithme de hachage CNG","explainText":"Ce paramètre de stratégie vous permet de spécifier l’algorithme de hachage utilisé.\n\nSi vous activez ce paramètre de stratégie, l’algorithme de hachage sélectionné est utilisé par CNG.\n\nSi vous désactivez ou ne configurez pas ce paramètre de stratégie, l’algorithme de hachage CNG par défaut est utilisé.","tags":["L_Cryptography","L_Security","L_OneNoteOptions","L_MicrosoftOfficeOneNote"],"application":"onent16","key":"software\\microsoft\\office\\16.0\\onenote\\security\\crypto"},{"parentCategory":{"ref":"L_Cryptography"},"supportedOn":{"ref":"windows:SUPPORTED_Windows7"},"elements":{"items":[{"valueName":"passwordspincount","minValue":0,"minValueSpecified":true,"maxValue":10000000,"maxValueSpecified":true,"inputType":"decimalTextBox","id":"L_SetCNGPasswordSpinCountSpinID"}]},"name":"L_SetCNGPasswordSpinCount","displayName":"La valeur de compteur de rotations de mot de passe CNG","explainText":"Ce paramètre de stratégie vous permet de spécifier le nombre de sélection numérique (rehash) le vérificateur de mot de passe.\n\nSi vous activez ce paramètre de stratégie, le numéro spécifié sera le nombre de fois que le mot de passe va être rehashed.\n\nSi vous désactivez ou ne configurez pas ce paramètre de stratégie, la valeur par défaut (100000) sera utilisé.","tags":["L_Cryptography","L_Security","L_OneNoteOptions","L_MicrosoftOfficeOneNote"],"application":"onent16","key":"software\\microsoft\\office\\16.0\\onenote\\security\\crypto"},{"parentCategory":{"ref":"L_Cryptography"},"supportedOn":{"ref":"windows:SUPPORTED_Windows7"},"elements":{"items":[{"valueName":"rngalgorithm","required":true,"requiredSpecified":true,"expandableSpecified":false,"maxLength":2147483647,"maxLengthSpecified":false,"inputType":"textBox","caption":"Générateur de nombres aléatoires\u00A0:","id":"L_SpecifyCNGRandomNumberGeneratorAlgorithmID"}]},"name":"L_SpecifyCNGRandomNumberGeneratorAlgorithm","displayName":"Spécifier l’algorithme du générateur de nombres aléatoires CNG","explainText":"Ce paramètre de stratégie vous permet de configurer le générateur de nombres aléatoires CNG à utiliser.\n\nSi vous activez ce paramètre de stratégie, le générateur de nombres aléatoires spécifié est utilisé.\n\nSi vous désactivez ou ne configurez pas ce paramètre de stratégie, le générateur de nombres aléatoires par défaut est utilisé.","tags":["L_Cryptography","L_Security","L_OneNoteOptions","L_MicrosoftOfficeOneNote"],"application":"onent16","key":"software\\microsoft\\office\\16.0\\onenote\\security\\crypto"},{"parentCategory":{"ref":"L_Cryptography"},"supportedOn":{"ref":"windows:SUPPORTED_Windows7"},"elements":{"items":[{"valueName":"saltbytes","minValue":0,"minValueSpecified":true,"maxValue":5000,"maxValueSpecified":true,"inputType":"decimalTextBox","caption":"Nombre d’octets","id":"L_SpecifyCNGSaltLengthSpinID"}]},"name":"L_SpecifyCNGSaltLength","displayName":"Spécifier la longueur de salt CNG","explainText":"Ce paramètre de stratégie vous permet de spécifier le nombre d’octets de salt à utiliser.\n\nSi vous activez ce paramètre de stratégie, les octets spécifiés sont utilisés.\n\nSi vous désactivez ou ne configurez pas ce paramètre de stratégie, la longueur par défaut ou 16 octets sont utilisés.","tags":["L_Cryptography","L_Security","L_OneNoteOptions","L_MicrosoftOfficeOneNote"],"application":"onent16","key":"software\\microsoft\\office\\16.0\\onenote\\security\\crypto"},{"parentCategory":{"ref":"L_Save"},"supportedOn":{"ref":"windows:SUPPORTED_Windows7"},"elements":{"items":[{"valueName":"notebook root","requiredSpecified":false,"expandableSpecified":false,"maxLength":2147483647,"maxLengthSpecified":false,"inputType":"textBox","caption":"","id":"L_empty1"}]},"name":"L_NotebookRoot","displayName":"Racine des blocs-notes","explainText":"Pour modifier l’emplacement par défaut des nouveaux blocs-notes, entrez un chemin d’accès à un dossier contenant vos documents.","tags":["L_Save","L_OneNoteOptions","L_MicrosoftOfficeOneNote"],"application":"onent16","key":"software\\microsoft\\office\\16.0\\onenote\\options\\save"},{"parentCategory":{"ref":"L_Save"},"supportedOn":{"ref":"windows:SUPPORTED_Windows7"},"elements":{"items":[{"valueName":"unfilednotessection","requiredSpecified":false,"expandableSpecified":false,"maxLength":2147483647,"maxLengthSpecified":false,"inputType":"textBox","caption":"Ouvrir les notes rapides dans la section suivante\u00A0:","id":"L_OpenSideNotesinthissection"}]},"name":"L_Locationofunfilednotessection","displayName":"Emplacement de la section Notes non classées","explainText":"Emplacement de stockage de la section Notes non classées de OneNote.","tags":["L_Save","L_OneNoteOptions","L_MicrosoftOfficeOneNote"],"application":"onent16","key":"software\\microsoft\\office\\16.0\\onenote\\options\\paths"},{"parentCategory":{"ref":"L_Save"},"supportedOn":{"ref":"windows:SUPPORTED_Windows7"},"elements":{"items":[{"valueName":"backupfolderpath","requiredSpecified":false,"expandableSpecified":false,"maxLength":2147483647,"maxLengthSpecified":false,"inputType":"textBox","caption":"Dossier de sauvegarde\u00A0:","id":"L_BackupFolder"}]},"name":"L_LocationofBackupFolder","displayName":"Emplacement du dossier de sauvegarde","explainText":"Définit la valeur dans l’option correspondante de l’interface utilisateur.","tags":["L_Save","L_OneNoteOptions","L_MicrosoftOfficeOneNote"],"application":"onent16","key":"software\\microsoft\\office\\16.0\\onenote\\options\\paths"},{"parentCategory":{"ref":"L_Save"},"supportedOn":{"ref":"windows:SUPPORTED_Windows7"},"elements":{"items":[{"valueName":"percentfreespacebeforeoptimize","minValue":0,"minValueSpecified":true,"maxValue":100,"maxValueSpecified":true,"inputType":"decimalTextBox","caption":"Entrez le pourcentage\u00A0:","id":"L_EnterPercentage"}]},"name":"L_Percentageofunuseddiskspacetoallowinsections","displayName":"Pourcentage d’espace disque inutilisé autorisé dans les sections","explainText":"Définit la valeur de l’option Pourcentage d’espace inutilisé autorisé dans les sections sans optimisation.","tags":["L_Save","L_OneNoteOptions","L_MicrosoftOfficeOneNote"],"application":"onent16","key":"software\\microsoft\\office\\16.0\\onenote\\options\\save"},{"parentCategory":{"ref":"L_Password"},"supportedOn":{"ref":"windows:SUPPORTED_Windows7"},"enabledValue":{"decimal":{"value":0}},"disabledValue":{"decimal":{"value":1}},"name":"L_Disallowsaddonsaccesstopass","displayName":"Interdit l’accès des modules complémentaires aux sections protégées par mot de passe","explainText":"Cette option interdit aux modules complémentaires d’extensibilité d’accéder aux sections protégées par mot de passe si elles sont déverrouillées.","tags":["L_Password","L_OneNoteOptions","L_MicrosoftOfficeOneNote"],"application":"onent16","key":"software\\microsoft\\office\\16.0\\onenote\\security","valueName":"allowaddinaccesstoencryptedfiles"},{"parentCategory":{"ref":"L_Password"},"supportedOn":{"ref":"windows:SUPPORTED_Windows7"},"enabledValue":{"decimal":{"value":1}},"disabledValue":{"decimal":{"value":0}},"name":"L_Disablepasswordprotectedsections","displayName":"Désactiver les sections protégées par mot de passe","explainText":"Désactive la possibilité de créer de nouvelles sections protégées par mot de passe. Vous pouvez cependant toujours déverrouiller et modifier les sections existantes ayant un mot de passe défini.","tags":["L_Password","L_OneNoteOptions","L_MicrosoftOfficeOneNote"],"application":"onent16","key":"software\\microsoft\\office\\16.0\\onenote\\general","valueName":"passwordprotectiondisabled"},{"parentCategory":{"ref":"L_Password"},"supportedOn":{"ref":"windows:SUPPORTED_Windows7"},"enabledValue":{"decimal":{"value":1}},"disabledValue":{"decimal":{"value":0}},"name":"L_LockpasswordprotectedsectionsassoonasInavigateawayfromthem","displayName":"Verrouiller les sections protégées par mot de passe dès que je ne les utilise plus","explainText":"OneNote prend en charge les sections protégées par mot de passe, qui sont déverrouillées lorsqu’un utilisateur tape le mot de passe, et reverrouillées après un délai d’inactivité ou en cas d’abandon de la section. Cette option verrouille la section lorsque vous quittez la section protégée par mot de passe.","tags":["L_Password","L_OneNoteOptions","L_MicrosoftOfficeOneNote"],"application":"onent16","key":"software\\microsoft\\office\\16.0\\onenote\\security","valueName":"locksectionsimmediately"},{"parentCategory":{"ref":"L_Backup"},"supportedOn":{"ref":"windows:SUPPORTED_Windows7"},"elements":{"items":[{"valueName":"backupnumberofbackupstokeep","minValue":0,"minValueSpecified":true,"maxValue":1000,"maxValueSpecified":true,"inputType":"decimalTextBox","caption":"Nombre de copies de sauvegarde à conserver","id":"L_numberofbackupcopiestokeep2"}]},"name":"L_Numberofbackupcopiestokeep","displayName":"Nombre de copies de sauvegarde à conserver","explainText":"Définit la valeur dans l’option correspondante de l’interface utilisateur.","tags":["L_Backup","L_OneNoteOptions","L_MicrosoftOfficeOneNote"],"application":"onent16","key":"software\\microsoft\\office\\16.0\\onenote\\options\\save"},{"parentCategory":{"ref":"L_SendToOneNote"},"supportedOn":{"ref":"windows:SUPPORTED_Windows7"},"enabledValue":{"decimal":{"value":1}},"disabledValue":{"decimal":{"value":0}},"name":"L_DisableOutlooksendemailtoOneNoteoption","displayName":"Désactiver l’option Outlook d’envoi de courrier vers OneNote","explainText":"Cette stratégie désactive le complément Envoi vers OneNote de Microsoft Outlook. Par défaut, OneNote installe un complément sur la barre d’outils d’Outlook qui permet aux utilisateurs d’envoyer des messages électroniques vers OneNote. Le bouton Envoyer vers OneNote apparaît dans le module de messagerie principal d’Outlook, ainsi que lors de l’affichage des messages électroniques. Vous pouvez désactiver cette fonctionnalité à l’aide de cette stratégie.","tags":["L_SendToOneNote","L_OneNoteOptions","L_MicrosoftOfficeOneNote"],"application":"onent16","key":"software\\microsoft\\office\\16.0\\onenote\\options\\outlookandweb","valueName":"disablesendemailtoonenote"},{"parentCategory":{"ref":"L_Addins"},"supportedOn":{"ref":"windows:SUPPORTED_Windows7"},"enabledValue":{"decimal":{"value":1}},"disabledValue":{"decimal":{"value":0}},"name":"L_DisableOneNoteCOMAPI","displayName":"Désactiver l’API COM OneNote","explainText":"Désactiver l’API COM OneNote\u00A0: désactive les applications complémentaires pouvant utiliser l’API COM. Cette option désactive également d’autres fonctionnalités utilisant cette API, notamment l’envoi d’informations Outlook vers OneNote.","tags":["L_Addins","L_OneNoteOptions","L_MicrosoftOfficeOneNote"],"application":"onent16","key":"software\\microsoft\\office\\16.0\\onenote\\security","valueName":"disablecomapi"},{"parentCategory":{"ref":"L_Addins"},"supportedOn":{"ref":"windows:SUPPORTED_Windows7"},"enabledValue":{"decimal":{"value":1}},"disabledValue":{"decimal":{"value":0}},"name":"L_DisableinstalledOneNoteaddins","displayName":"Désactiver les compléments OneNote installés","explainText":"Désactive tous les compléments OneNote installés.","tags":["L_Addins","L_OneNoteOptions","L_MicrosoftOfficeOneNote"],"application":"onent16","key":"software\\microsoft\\office\\16.0\\onenote\\security","valueName":"disablealladdins"},{"parentCategory":{"ref":"L_Spelling"},"supportedOn":{"ref":"windows:SUPPORTED_Windows7"},"elements":{"items":[{"item":[{"value":{"decimal":{"value":0}},"displayName":"pas de vérification orthographique"},{"value":{"decimal":{"value":1}},"displayName":"vérifier l’orthographe au cours de la frappe"},{"value":{"decimal":{"value":2}},"displayName":"masquer les fautes d’orthographe"},{"value":{"decimal":{"value":3}},"displayName":"vérifier l’orthographe, mais masquer les fautes"}],"valueName":"onenotespellingoptions","inputType":"dropdownList","id":"L_empty11"}]},"name":"L_OneNoteSpellingOptions","displayName":"Options du vérificateur d’orthographe de OneNote","explainText":"Ces options modifient les options «\u00A0Pendant la correction orthographique dans OneNote\u00A0» qui apparaissent sous l’onglet Fichier | Options | Vérification.","tags":["L_Spelling","L_OneNoteOptions","L_MicrosoftOfficeOneNote"],"application":"onent16","key":"software\\microsoft\\shared tools\\proofing tools\\1.0\\office"},{"parentCategory":{"ref":"L_VersionsAndRecyleBin"},"supportedOn":{"ref":"windows:SUPPORTED_Windows7"},"enabledValue":{"decimal":{"value":0}},"disabledValue":{"decimal":{"value":1}},"name":"L_TurnOffVersionsAndNotebookRecycleBinInSharedNotebooks","displayName":"Désactiver des versions et bloc-notes Corbeille dans les blocs-notes partagés","explainText":"Ce paramètre de stratégie vous permet de désactiver l’historique des versions, lequel inclut des versions et la Corbeille de bloc-notes. Avec un bloc-notes au format 2016, OneNote stocke automatiquement les versions précédentes des pages du bloc-notes, ainsi qu’une Corbeille pour toutes les sections et pages supprimées.\n\nSi vous activez ce paramètre de stratégie, cela désactive l’historique des versions.\n\nSi vous désactivez ce paramètre de stratégie ou si vous ne le configurez pas, OneNote stocke par défaut les versions précédentes.","tags":["L_VersionsAndRecyleBin","L_OneNoteOptions","L_MicrosoftOfficeOneNote"],"application":"onent16","key":"software\\microsoft\\office\\16.0\\onenote\\options\\versions","valueName":"enablehistory"},{"parentCategory":{"ref":"L_VersionsAndRecyleBin"},"supportedOn":{"ref":"windows:SUPPORTED_Windows7"},"enabledValue":{"decimal":{"value":0}},"disabledValue":{"decimal":{"value":1}},"name":"L_DoNotPruneVersionsOverTime","displayName":"Ne pas nettoyer les versions au fil du temps","explainText":"Ce paramètre de stratégie vous permet de désactiver le nettoyage automatique dans OneNote. Avec un bloc-notes au format 2016, OneNote stocke automatiquement les versions précédentes des pages du bloc-notes, ainsi qu’une Corbeille pour toutes les sections et pages supprimées.\n\nSi vous activez ce paramètre de stratégie, OneNote ne nettoie pas les versions précédentes.\n\nSi vous désactivez ce paramètre de stratégie ou si vous ne le configurez pas, OneNote nettoie les versions précédentes. La valeur par défaut est le nettoyage des versions au fil du temps. Nous vous conseillons d’activer ce paramètre de stratégie uniquement si OneNote ne doit pas nettoyer les versions précédentes.","tags":["L_VersionsAndRecyleBin","L_OneNoteOptions","L_MicrosoftOfficeOneNote"],"application":"onent16","key":"software\\microsoft\\office\\16.0\\onenote\\options\\versions","valueName":"pruneversionsovertime"},{"parentCategory":{"ref":"L_VersionsAndRecyleBin"},"supportedOn":{"ref":"windows:SUPPORTED_Windows7"},"elements":{"items":[{"valueName":"daysofallversions","minValue":0,"minValueSpecified":true,"maxValue":365,"maxValueSpecified":true,"inputType":"decimalTextBox","caption":"Nombre de jours précédents","id":"L_DaysOfAllVersionsSpinID"}]},"name":"L_DaysOfAllVersions","displayName":"Nombre de jours pendant lesquels tous les éléments d'historique de version sont protégés contre le nettoyage","explainText":"Ce paramètre de stratégie vous permet de spécifier une période pendant laquelle l'application OneNote conserve les pages d'historique des versions complètes. Après le délai imparti, OneNote conserve des pages d'historique des versions de base.\n\nSi vous activez ce paramètre de stratégie, l'application OneNote conserve des pages d'historique des versions complètes pendant la durée spécifiée. Après cette période, elle conserve des pages d'historique des versions de base.\n\nSi vous désactivez ce paramètre de stratégie ou si vous ne le configurez pas, l'application OneNote conserve des pages d'historique des versions complètes pendant 2\u00A0jours. Après cette période, elle conserve des pages d'historique des versions de base.\n      ","tags":["L_VersionsAndRecyleBin","L_OneNoteOptions","L_MicrosoftOfficeOneNote"],"application":"onent16","key":"software\\microsoft\\office\\16.0\\onenote\\options\\versions"},{"parentCategory":{"ref":"L_VersionsAndRecyleBin"},"supportedOn":{"ref":"windows:SUPPORTED_Windows7"},"elements":{"items":[{"valueName":"daysofhourlyversions","minValue":0,"minValueSpecified":true,"maxValue":365,"maxValueSpecified":true,"inputType":"decimalTextBox","caption":"Sauvegarder des jours","id":"L_DaysOfHourlyVersionsNotToPruneAfterDaysBackSpinID"}]},"name":"L_DaysOfHourlyVersionsNotToPruneAfterDaysBack","displayName":"Jours de versions horaires ne pas à nettoyer après jours précédent","explainText":"Ce paramètre de stratégie vous permet de définir le nombre de versions par heure à ne pas nettoyer pendant un certain nombre de jours suivant le paramètre Jours avant. Avec un bloc-notes au format 2016, OneNote stocke automatiquement les versions précédentes des pages du bloc-notes, ainsi qu’une Corbeille pour toutes les sections et pages supprimées.\n\nSi vous activez ce paramètre de stratégie, vous pouvez spécifier le nombre de jours suivant le paramètre Jours avant pendant lequel conserver les versions par heure. Cette valeur spécifie le nombre de jours au-delà de la valeur «\u00A0DaysOfAllVersions\u00A0» pendant lequel conserver toutes les informations d’historique de versions par heure. Les utilisateurs conservent une version par heure pendant le nombre de jours spécifiés après la valeur «\u00A0DaysOfAllVersions\u00A0».\n\nSi vous désactivez ce paramètre de stratégie ou si vous ne le configurez pas, OneNote conserve les versions par heure pendant les 5\u00A0derniers jours.","tags":["L_VersionsAndRecyleBin","L_OneNoteOptions","L_MicrosoftOfficeOneNote"],"application":"onent16","key":"software\\microsoft\\office\\16.0\\onenote\\options\\versions"},{"parentCategory":{"ref":"L_VersionsAndRecyleBin"},"supportedOn":{"ref":"windows:SUPPORTED_Windows7"},"elements":{"items":[{"valueName":"maxuniquedayversions","minValue":0,"minValueSpecified":true,"maxValue":365,"maxValueSpecified":true,"inputType":"decimalTextBox","caption":"Nombre maximal de versions","id":"L_MaximumNumberOfOncePerDayVersionHistoryItemsKeptSpinID"}]},"name":"L_MaximumNumberOfOncePerDayVersionHistoryItemsKept","displayName":"Nombre maximal d'éléments d'historique de version une fois par jour maintenue","explainText":"Ce paramètre de stratégie vous permet de définir le nombre d’éléments d’historique se produisant une fois par jour à conserver pour chaque page. Avec un bloc-notes au format 2016, OneNote stocke automatiquement les versions précédentes des pages du bloc-notes, ainsi qu’une Corbeille pour toutes les sections et pages supprimées.\n\nSi vous activez ce paramètre de stratégie, vous pouvez définir le nombre de versions quotidiennes à conserver. La valeur -1 indique à OneNote de conserver tous les anciens éléments de l’historique des versions se produisant une fois par jour.\n \nSi vous désactivez ce paramètre de stratégie ou si vous ne le configurez pas, OneNote conserve une page pour chaque jour pendant les 10\u00A0derniers jours.","tags":["L_VersionsAndRecyleBin","L_OneNoteOptions","L_MicrosoftOfficeOneNote"],"application":"onent16","key":"software\\microsoft\\office\\16.0\\onenote\\options\\versions"},{"parentCategory":{"ref":"L_VersionsAndRecyleBin"},"supportedOn":{"ref":"windows:SUPPORTED_Windows7"},"elements":{"items":[{"valueName":"deleteallversionsafter","minValue":0,"minValueSpecified":true,"maxValue":365,"maxValueSpecified":true,"inputType":"decimalTextBox","caption":"Jours en différé pour conserver les versions","id":"L_DaysBackToKeepInVersionHistorySpinID"}]},"name":"L_DaysBackToKeepInVersionHistory","displayName":"Jours en différé pour conserver dans l'historique de version","explainText":"Ce paramètre de stratégie vous permet de définir le nombre de jours après lequel tous les éléments d’historique des versions créés avant cette valeur sont supprimés. Avec un bloc-notes au format 2016, OneNote stocke automatiquement les versions précédentes des pages du bloc-notes, ainsi qu’une Corbeille pour toutes les sections et pages supprimées.\n\nSi vous activez ce paramètre de stratégie, vous pouvez définir le nombre de jours dans le passé après lequel supprimer un historique des versions.\n\nSi vous désactivez ce paramètre de stratégie ou si vous ne le configurez pas, OneNote applique la valeur par défaut qui est de conserver les versions précédentes pour tous les jours dans le passé. Il s’agit de la valeur par défaut -1.","tags":["L_VersionsAndRecyleBin","L_OneNoteOptions","L_MicrosoftOfficeOneNote"],"application":"onent16","key":"software\\microsoft\\office\\16.0\\onenote\\options\\versions"},{"parentCategory":{"ref":"L_VersionsAndRecyleBin"},"supportedOn":{"ref":"windows:SUPPORTED_Windows7"},"elements":{"items":[{"valueName":"daystokeeprecycleditems","minValue":0,"minValueSpecified":true,"maxValue":365,"maxValueSpecified":true,"inputType":"decimalTextBox","caption":"Sauvegarder des jours de conservation des éléments dans la Corbeille","id":"L_DaysBackToKeepItemsInRecycleBinSpinID"}]},"name":"L_DaysBackToKeepItemsInRecycleBin","displayName":"Sauvegarder des jours de conservation des éléments dans la Corbeille","explainText":"Ce paramètre de stratégie vous permet de définir un nombre de jours avant lequel tous les éléments qui ont été ajoutés à la Corbeille sont supprimés lors du nettoyage de l’historique des versions. Avec un bloc-notes au format 2016, OneNote stocke automatiquement les versions précédentes des pages du bloc-notes, ainsi qu’une Corbeille pour toutes les sections et pages supprimées.\n\nSi vous activez ce paramètre de stratégie, vous pouvez définir un nombre de jours dans le passé pendant lequel les éléments de la Corbeille sont conservés.\n\nSi vous ne configurez pas ce paramètre de stratégie, OneNote utilise la valeur par défaut qui est de 60\u00A0jours dans le passé.","tags":["L_VersionsAndRecyleBin","L_OneNoteOptions","L_MicrosoftOfficeOneNote"],"application":"onent16","key":"software\\microsoft\\office\\16.0\\onenote\\options\\versions"},{"parentCategory":{"ref":"L_Other"},"supportedOn":{"ref":"windows:SUPPORTED_Windows7"},"elements":{"items":[{"valueName":"folderpollinterval","minValue":1,"minValueSpecified":true,"maxValue":3600,"maxValueSpecified":true,"inputType":"decimalTextBox","caption":"Intervalle d’interrogation du serveur (en secondes)","id":"L_SetUNCIntervalToPollForChangesOnFileServersSpinID"}]},"name":"L_SetUNCIntervalToPollForChangesOnFileServers","displayName":"Définir la fréquence UNC d’interrogation pour des modifications sur les serveurs de fichiers","explainText":"Ce paramètre de stratégie vous permet de modifier l'intervalle de synchronisation en fonction duquel OneNote s'interrogent les modifications sur le serveur.Lorsque OneNote synchronise un bloc-notes sur UNC, également appelés partages SMB ou fichier Windows, OneNote va recevoir des notifications à partir du serveur de fichiers ainsi qu'interrogent le serveur de recherche de nouvelles mises à jour sur le serveur.\n\nEn rendant plus rapidement l'intervalle il rendra OneNote synchroniser plus rapidement, mais elle peut également provoquer des problèmes de performances sur le serveur.\n\nSi vous activez ce paramètre de stratégie, vous pouvez spécifier le nombre de secondes Qu'onenote va interroger.\n\nSi vous désactivez ou ne configurez pas ce paramètre de stratégie, OneNote va interroger automatiquement toutes les 30 secondes.","tags":["L_Other","L_OneNoteOptions","L_MicrosoftOfficeOneNote"],"application":"onent16","key":"software\\microsoft\\office\\16.0\\onenote\\options\\save"},{"parentCategory":{"ref":"L_Other"},"supportedOn":{"ref":"windows:SUPPORTED_Windows7"},"enabledValue":{"decimal":{"value":0}},"disabledValue":{"decimal":{"value":1}},"name":"L_TurnOffOneNoteAutoLinkedNoteTaking","displayName":"Désactiver OneNote lié automatique prise de notes","explainText":"Ce paramètre de stratégie désactive la note d'automatique de OneNote en prenant de fonctionnalité qui permet de prendre des notes sur des éléments tels que les pages web, documents Word, etc..OneNote enregistre automatiquement les pages ou le document que vous consultiez lorsque vous avez effectué cette note.\n\nSi vous activez ce paramètre de stratégie, OneNote pas automatiquement lierez notes lorsque l'utilisateur tente d'activer cette fonctionnalité.\n\nSi vous désactivez ou que vous n'activez pas cette stratégie, OneNote va lier automatiquement les notes lorsque l'utilisateur tente d'activer cette fonctionnalité.","tags":["L_Other","L_OneNoteOptions","L_MicrosoftOfficeOneNote"],"application":"onent16","key":"software\\microsoft\\office\\16.0\\onenote\\options\\linkednotes","valueName":"autolink"},{"parentCategory":{"ref":"L_Other"},"supportedOn":{"ref":"windows:SUPPORTED_Windows7"},"enabledValue":{"decimal":{"value":1}},"disabledValue":{"decimal":{"value":0}},"name":"L_DisableOCR","displayName":"Désactiver la reconnaissance optique de caractères","explainText":"Cette stratégie désactive la fonctionnalité de reconnaissance optique de caractères (OCR) de OneNote. Cette fonctionnalité permet à OneNote d’analyser automatiquement les images pour rechercher du texte qui apparaîtra dans les résultats de recherche.","tags":["L_Other","L_OneNoteOptions","L_MicrosoftOfficeOneNote"],"application":"onent16","key":"software\\microsoft\\office\\16.0\\onenote\\options\\other","valueName":"disableocr"},{"parentCategory":{"ref":"L_Other"},"supportedOn":{"ref":"windows:SUPPORTED_Windows7"},"elements":{"items":[{"valueName":"blockedextensions","requiredSpecified":false,"expandableSpecified":false,"maxLength":2147483647,"maxLengthSpecified":false,"inputType":"textBox","caption":"","id":"L_empty12"}]},"name":"L_EmbeddedFilesBlockedExtensions","displayName":"Extensions bloquées des fichiers incorporés","explainText":"Pour empêcher les utilisateurs de votre organisation d’ouvrir les pièces jointes des fichiers d’un type spécifique à partir d’une page Microsoft OneNote, ajoutez les extensions que vous souhaitez désactiver en utilisant le format\u00A0: .ext1;.ext2; Pour empêcher l’ouverture de toutes les pièces jointes à partir d’une page OneNote, consultez la stratégie Désactiver les fichiers incorporés. Cette stratégie ne permettant pas de bloquer les enregistrements audio et vidéo incorporés (WMA & WMV), consultez la stratégie Désactiver les fichiers incorporés.","tags":["L_Other","L_OneNoteOptions","L_MicrosoftOfficeOneNote"],"application":"onent16","key":"software\\microsoft\\office\\16.0\\onenote\\options\\embeddedfileopenoptions"},{"parentCategory":{"ref":"L_Other"},"supportedOn":{"ref":"windows:SUPPORTED_Windows7"},"elements":{"items":[{"valueName":"addnotebooks","requiredSpecified":false,"expandableSpecified":false,"maxLength":2147483647,"maxLengthSpecified":false,"inputType":"textBox","caption":"","id":"L_empty13"}]},"name":"L_Loadanotebookonfirstboot","displayName":"Charger un bloc-notes au premier démarrage","explainText":"Pointe sur un dossier contenant un bloc-notes devant être chargé lors du premier démarrage.","tags":["L_Other","L_OneNoteOptions","L_MicrosoftOfficeOneNote"],"application":"onent16","key":"software\\microsoft\\office\\16.0\\onenote\\options\\other"},{"parentCategory":{"ref":"L_Other"},"supportedOn":{"ref":"windows:SUPPORTED_Windows7"},"enabledValue":{"decimal":{"value":1}},"disabledValue":{"decimal":{"value":0}},"name":"L_Disableembeddedfiles","displayName":"Désactiver les fichiers incorporés","explainText":"Désactiver la fonctionnalité d’incorporation de fichiers dans une page OneNote, afin d’empêcher que les utilisateurs ne puissent transmettre des fichiers non détectés par le logiciel antivirus. Remarque\u00A0: cette stratégie permet de limiter uniquement l’intégration de fichiers dans l’interface OneNote. Toutefois, si une page contient un fichier incorporé, OneNote synchronise et réplique ce fichier dans le système de fichiers.","tags":["L_Other","L_OneNoteOptions","L_MicrosoftOfficeOneNote"],"application":"onent16","key":"software\\microsoft\\office\\16.0\\onenote\\options","valueName":"disableembeddedfiles"},{"parentCategory":{"ref":"L_Other"},"supportedOn":{"ref":"windows:SUPPORTED_Windows7"},"enabledValue":{"decimal":{"value":1}},"disabledValue":{"decimal":{"value":0}},"name":"L_DisableOneNotescreenclippingnotifications","displayName":"Désactiver les notifications de capture d’écran OneNote","explainText":"Désactive toutes les notifications de captures d’écran OneNote.","tags":["L_Other","L_OneNoteOptions","L_MicrosoftOfficeOneNote"],"application":"onent16","key":"software\\microsoft\\office\\16.0\\onenote\\options\\other","valueName":"disablescreenclippingballoon"},{"parentCategory":{"ref":"L_Other"},"supportedOn":{"ref":"windows:SUPPORTED_Windows7"},"enabledValue":{"decimal":{"value":1}},"disabledValue":{"decimal":{"value":0}},"name":"L_DisableOneNoteScreenClippings","displayName":"Désactiver les captures d’écran OneNote","explainText":"Désactive la capture d’écran dans OneNote.","tags":["L_Other","L_OneNoteOptions","L_MicrosoftOfficeOneNote"],"application":"onent16","key":"software\\microsoft\\office\\16.0\\onenote\\options\\other","valueName":"disablescreenclippings"},{"parentCategory":{"ref":"L_Other"},"supportedOn":{"ref":"windows:SUPPORTED_Windows7"},"elements":{"items":[{"valueName":"inaccessibleserverdaysbeforewarn","minValue":0,"minValueSpecified":true,"maxValue":30,"maxValueSpecified":true,"inputType":"decimalTextBox","id":"L_empty14"}]},"name":"L_Numberofdaysbeforewarningthatserveris","displayName":"Nombre de jours avant de prévenir que le serveur n’est pas accessible","explainText":"Définir le nombre de jours avant que OneNote ne prévienne que le serveur n’est pas accessible et demande un nouvel emplacement pour les fichiers concernés.","tags":["L_Other","L_OneNoteOptions","L_MicrosoftOfficeOneNote"],"application":"onent16","key":"software\\microsoft\\office\\16.0\\onenote\\options\\synchronization"},{"parentCategory":{"ref":"L_Other"},"supportedOn":{"ref":"windows:SUPPORTED_Windows7"},"elements":{"items":[{"valueName":"sharepointsyncinterval","minValue":10,"minValueSpecified":true,"maxValue":604800,"maxValueSpecified":true,"inputType":"decimalTextBox","id":"L_empty15"}]},"name":"L_SharePointsyncinterval","displayName":"Intervalle de synchronisation SharePoint pour les blocs-notes stockés sur SharePoint","explainText":"Limite le nombre de fois que OneNote interroge un site SharePoint pour des modifications sur une section. Entrez l’intervalle de synchronisation en secondes.","tags":["L_Other","L_OneNoteOptions","L_MicrosoftOfficeOneNote"],"application":"onent16","key":"software\\microsoft\\office\\16.0\\onenote\\options\\save"},{"parentCategory":{"ref":"L_Other"},"supportedOn":{"ref":"windows:SUPPORTED_Windows7"},"elements":{"items":[{"valueName":"sharepointbackgroundsyncintervalmultiplier","minValue":1,"minValueSpecified":true,"maxValue":10,"maxValueSpecified":true,"inputType":"decimalTextBox","id":"L_empty16"}]},"name":"L_SharePointbackgroundsyncintervalmultiplier","displayName":"Multiplicateur pour intervalle de synchronisation d’arrière-plan pour les blocs-notes stockés sur SharePoint","explainText":"Ce paramètre de stratégie vous permet d’augmenter l’intervalle entre les sondages d’arrière plan d’un site SharePoint pour les modifications apportées aux blocs-notes.\n\nSi vous activez ce paramètre de stratégie, OneNote interroge moins fréquemment SharePoint pour rechercher les modifications apportées aux blocs-notes complets. Les intervalles sont multipliés par la valeur entrée, soit une valeur entière positive comprise entre\u00A01 et 10. Les intervalles plus longs ralentissent la synchronisation du bloc-note, mais réduisent la charge du serveur.\n\nSi vous désactivez ou ne configurez pas ce paramètre de stratégie, OneNote synchronise les blocs-notes au taux par défaut (valeur de multiplicateur de 1).\n\nRemarque\u00A0: Ce paramètre de stratégie s’applique uniquement aux versions sous licence en volume d’Office\u00A02016 qui utilise Windows Installer (MSI), telles qu’Office\u00A0Professionnel\u00A0Plus\u00A02016 et Office\u00A0Standard\u00A02016.","tags":["L_Other","L_OneNoteOptions","L_MicrosoftOfficeOneNote"],"application":"onent16","key":"software\\microsoft\\office\\16.0\\onenote\\options\\save"},{"parentCategory":{"ref":"L_Other"},"supportedOn":{"ref":"windows:SUPPORTED_Windows7"},"elements":{"items":[{"valueName":"sharepointlivesyncintervalmultiplier","minValue":1,"minValueSpecified":true,"maxValue":10,"maxValueSpecified":true,"inputType":"decimalTextBox","id":"L_empty17"}]},"name":"L_SharePointlivesyncintervalmultiplier","displayName":"Multiplicateur pour intervalle de synchronisation de premier plan pour la section actuellement affichée stockée sur SharePoint","explainText":"Ce paramètre de stratégie vous permet d’augmenter l’intervalle entre les sondages de premier plan d’un site SharePoint pour les modifications apportées à la section actuellement affichée.\n\nSi vous activez ce paramètre de stratégie, OneNote interroge moins fréquemment SharePoint pour rechercher les modifications apportées à la section actuellement affichée. Les intervalles sont multipliés par la valeur entrée, soit une valeur entière positive comprise entre\u00A01 et 10. Les intervalles plus longs ralentissent la synchronisation de section, mais réduisent la charge du serveur.\n\nSi vous désactivez ou ne configurez pas ce paramètre de stratégie, OneNote synchronise la section actuellement consultée au taux par défaut (valeur de multiplicateur de 1).\n\nRemarque\u00A0: Ce paramètre de stratégie s’applique uniquement aux versions sous licence en volume d’Office\u00A02016 qui utilise Windows Installer (MSI), telles qu’Office\u00A0Professionnel\u00A0Plus\u00A02016 et Office\u00A0Standard\u00A02016.","tags":["L_Other","L_OneNoteOptions","L_MicrosoftOfficeOneNote"],"application":"onent16","key":"software\\microsoft\\office\\16.0\\onenote\\options\\save"},{"parentCategory":{"ref":"L_Other"},"supportedOn":{"ref":"windows:SUPPORTED_Windows7"},"elements":{"items":[{"valueName":"sharepointpresenceintervalmultiplier","minValue":1,"minValueSpecified":true,"maxValue":10,"maxValueSpecified":true,"inputType":"decimalTextBox","id":"L_empty18"}]},"name":"L_SharePointpresenceintervalmultiplier","displayName":"Multiplicateur pour intervalle de synchronisation de présence pour les blocs-notes stockés sur SharePoint","explainText":"Ce paramètre de stratégie vous permet d’augmenter l’intervalle entre les sondages sur SharePoint pour identifier les utilisateurs actifs des blocs-notes. OneNote synchronise les blocs-notes plus rapidement lorsque d’autres utilisateurs interagissent avec un bloc-notes.\n\nSi vous activez ce paramètre de stratégie, OneNote interroge moins fréquemment SharePoint pour déterminer si d’autres utilisateurs interagissent actuellement avec les blocs-notes. Les intervalles sont multipliés par la valeur entrée, soit une valeur entière positive comprise entre\u00A01 et 10. Des intervalles plus importants ralentissent la détection des utilisateurs simultanés dans les blocs-notes, mais réduisent la charge du serveur.\n\nSi vous désactivez ou ne configurez pas ce paramètre de stratégie, OneNote interroge pour les utilisateurs actifs des blocs-notes au taux par défaut (valeur de multiplicateur de 1).\n\nRemarque\u00A0: Ce paramètre de stratégie s’applique uniquement aux versions sous licence en volume d’Office\u00A02016 qui utilise Windows Installer (MSI), telles qu’Office\u00A0Professionnel\u00A0Plus\u00A02016 et Office\u00A0Standard\u00A02016.","tags":["L_Other","L_OneNoteOptions","L_MicrosoftOfficeOneNote"],"application":"onent16","key":"software\\microsoft\\office\\16.0\\onenote\\options\\save"},{"parentCategory":{"ref":"L_Other"},"supportedOn":{"ref":"windows:SUPPORTED_Windows7"},"elements":{"items":[{"item":[{"value":{"decimal":{"value":0}},"displayName":"Pouce"},{"value":{"decimal":{"value":1}},"displayName":"Centimètre"},{"value":{"decimal":{"value":2}},"displayName":"Millimètre"},{"value":{"decimal":{"value":3}},"displayName":"Point"},{"value":{"decimal":{"value":4}},"displayName":"Pica"}],"valueName":"measurementunit","inputType":"dropdownList","caption":"Indiquez l’unité de mesure par défaut\u00A0:","id":"L_Specifydefaultunitofmeasurement"}]},"name":"L_DefaultunitofmeasurementusedinOneNote","displayName":"Unité de mesure par défaut utilisée dans OneNote","explainText":"Définit la valeur de l’option Unités de mesure.","tags":["L_Other","L_OneNoteOptions","L_MicrosoftOfficeOneNote"],"application":"onent16","key":"software\\microsoft\\office\\16.0\\onenote\\options\\other"},{"parentCategory":{"ref":"L_Other"},"supportedOn":{"ref":"windows:SUPPORTED_Windows7"},"enabledValue":{"decimal":{"value":1}},"disabledValue":{"decimal":{"value":0}},"name":"L_AddOneNoteicontonotificationarea","displayName":"Ajouter l’icône OneNote dans la zone de notification","explainText":"Active/désactive l’option Placer l’icône OneNote dans la zone de notification de la barre des tâches.","tags":["L_Other","L_OneNoteOptions","L_MicrosoftOfficeOneNote"],"application":"onent16","key":"software\\microsoft\\office\\16.0\\onenote\\options\\other","valueName":"runsystemtrayapp"},{"parentCategory":{"ref":"L_Other"},"supportedOn":{"ref":"windows:SUPPORTED_Windows7"},"enabledValue":{"decimal":{"value":0}},"disabledValue":{"decimal":{"value":1}},"name":"L_NotebookPresence","displayName":"Présence intégrée au bloc-notes","explainText":"Ce paramètre de stratégie permet d’activer ou de désactiver la fonctionnalité Présence intégrée au bloc-notes dans OneNote, qui diffuse des informations sur le statut de présence des utilisateurs dans un bloc-notes et active la synchronisation en temps réel pour les utilisateurs qui modifient la même page. Notez que les modifications apportées à cette stratégie ne prennent effet qu’au redémarrage de OneNote.\n\nSi vous activez ce paramètre de stratégie ou si vous ne le configurez pas, les utilisateurs qui modifient simultanément la même page d’un bloc-notes reçoivent une notification. Quand cette situation se produit, OneNote passe également en mode de synchronisation en temps réel. \n\nSi vous désactivez ce paramètre de stratégie, les utilisateurs qui modifient simultanément la même page d’un bloc-notes ne reçoivent pas de notification. De plus, OneNote ne passe pas en mode de synchronisation en temps réel.","tags":["L_Other","L_OneNoteOptions","L_MicrosoftOfficeOneNote"],"application":"onent16","key":"software\\microsoft\\office\\16.0\\onenote\\options","valueName":"disablepresence"},{"parentCategory":{"ref":"L_Other"},"supportedOn":{"ref":"windows:SUPPORTED_Windows7"},"elements":{"items":[{"valueName":"insertedfilesdisallowembeddingsizethreshold","minValue":10485760,"minValueSpecified":true,"maxValue":2147483648,"maxValueSpecified":true,"inputType":"decimalTextBox","id":"L_EmbeddedFileSizeLimit"}]},"name":"L_SpecifyEmbeddedFileSizeLimit","displayName":"Limite de taille de fichier intégré","explainText":"Ce paramètre de stratégie vous permet de spécifier la taille maximale de fichier incorporé que les utilisateurs peuvent insérer directement dans un bloc-notes OneNote sur un serveur SharePoint.\n \nSi vous activez ce paramètre de stratégie, vous pouvez augmenter ou diminuer la taille de fichier maximale par défaut de 50\u00A0Mo. \n\nSi vous augmentez cette valeur, les utilisateurs peuvent insérer des fichiers plus volumineux directement dans le bloc-notes, mais cela peut diminuer les performances du serveur. \n\nSi vous réduisez cette valeur, les utilisateurs peuvent uniquement insérer des fichiers moins volumineux directement dans le bloc-notes, ce qui peut améliorer les performances du serveur si la synchronisation OneNote génère un trafic important.\n\nSi vous désactivez ou ne configurez pas ce paramètre de stratégie, les utilisateurs ne peuvent pas insérer de fichiers supérieur à 50\u00A0Mo dans un bloc-notes OneNote. Le fichier est téléchargé vers un dossier SharePoint et inséré dans le bloc-notes sous forme de lien hypertexte.","tags":["L_Other","L_OneNoteOptions","L_MicrosoftOfficeOneNote"],"application":"onent16","key":"software\\microsoft\\office\\16.0\\onenote\\general"},{"parentCategory":{"ref":"L_Other"},"supportedOn":{"ref":"windows:SUPPORTED_Windows_6_3_NOARM"},"enabledValue":{"decimal":{"value":1}},"disabledValue":{"decimal":{"value":0}},"name":"L_DisableSupportDiagnostics","displayName":"Désactiver les diagnostics de support dans OneNote","explainText":"Ce paramètre de stratégie contrôle si OneNote envoie des informations client aux services de support en cas d’échec.\n\nL’envoi d’informations client aux services de support en cas d’échec peut aider à diagnostiquer le problème, à fournir des étapes de résolution ou à afficher la messagerie contextuelle des erreurs à l’utilisateur.\n\nSi vous activez ce paramètre de stratégie, OneNote n’envoie pas d’informations client aux services de support en cas d’échec.\n\nSi vous désactivez ou ne configurez pas ce paramètre de stratégie, OneNote envoie des informations client aux services de support en cas d’échec.\n\nRemarque : ce paramètre de stratégie s’applique uniquement à la version 2207 et ultérieure de OneNote.","tags":["L_Other","L_OneNoteOptions","L_MicrosoftOfficeOneNote"],"application":"onent16","key":"software\\microsoft\\office\\16.0\\onenote\\general","valueName":"disablesupportdiagnostics"},{"parentCategory":{"ref":"L_Advanced"},"supportedOn":{"ref":"windows:SUPPORTED_Windows_10"},"enabledList":[{"value":{"string":"true"},"valueName":"Microsoft.Office.UXPlatform.FluentSVRefresh"},{"value":{"string":"true"},"valueName":"Microsoft.Office.UXPlatform.RibbonTouchOptimization"},{"value":{"string":"true"},"valueName":"Microsoft.Office.UXPlatform.FluentSVRibbonOptionsMenu"}],"disabledList":[{"value":{"string":"false"},"valueName":"Microsoft.Office.UXPlatform.FluentSVRefresh"},{"value":{"string":"false"},"valueName":"Microsoft.Office.UXPlatform.RibbonTouchOptimization"},{"value":{"string":"false"},"valueName":"Microsoft.Office.UXPlatform.FluentSVRibbonOptionsMenu"}],"name":"L_onenoteVisualRefresh","displayName":"Paramètres de rafraîchissement visuel","explainText":"Activer ou désactiver le rafraîchissement visuel. Peut ne pas fonctionner pour certaines versions d'Office.\n\nDonnées fournies par Office Tool Plus.","tags":["L_Advanced"],"application":"onent16","key":"Software\\Microsoft\\Office\\16.0\\Common\\ExperimentConfigs\\ExternalFeatureOverrides\\onenote"},{"parentCategory":{"ref":"L_Advanced"},"supportedOn":{"ref":"windows:SUPPORTED_Windows_11"},"enabledValue":{"string":"true"},"disabledValue":{"string":"false"},"name":"L_MSCopilotFor_OneNote","displayName":"Microsoft Copilot","explainText":"Activer ou désactiver Microsoft Copilot dans les applications Office.\n\nDonnées fournies par Office Tool Plus.","tags":["L_Advanced"],"application":"onent16","key":"Software\\Microsoft\\Office\\16.0\\Common\\ExperimentConfigs\\ExternalFeatureOverrides\\OneNote","valueName":"Microsoft.Office.OneNote.CopilotExperiment"}]}